"Plant_species" "Plant_genus" "Sp_names" "Salinity_tolerance" "GRIME" "life_style"
"1" "Centaurium.tenuiflorum.subsp..acutiflorum" "Centaurium" "Centaurium tenuiflorum" NA NA NA
"2" "Parapholis.filiformis" "Parapholis" "Parapholis filiformis" "High" "S" NA
"3" "Trifolium.squamosum" "Trifolium" "Trifolium squamosum" "Medium" NA NA
"4" "Limonium.narbonense" "Limonium" "Limonium narbonense" NA NA NA
"5" "Inula.britannica" "Inula" "Inula britannica" NA NA NA
"6" "Hordeum.secalinum" "Hordeum" "Hordeum secalinum" "High" "S" NA
"7" "Bupleurum.tenuissimum" "Bupleurum" "Bupleurum tenuissimum" "High" "S" NA
"8" "Leontodon.saxatilis" "Leontodon" "Leontodon saxatilis" NA NA NA
"9" "Gastridium.ventricosum" "Gastridium" "Gastridium ventricosum" "Low" NA NA
"10" "Lotus.jordanii" "Lotus" "Lotus jordanii" NA NA NA
"11" "Elytrigia.sp." "Elytrigia" "Elytrigia sp" NA NA NA
"12" "Hedypnois.rhagadioloides" "Hedypnois" "Hedypnois rhagadioloides" NA NA NA
"13" "Plantago.coronopus" "Plantago" "Plantago coronopus" "Low" "S" NA
"14" "Trifolium.lappaceum" "Trifolium" "Trifolium lappaceum" NA NA NA
"15" "Trifolium.campestre" "Trifolium" "Trifolium campestre" NA "R" NA
"16" "Blackstonia.acuminata" "Blackstonia" "Blackstonia acuminata" NA "RS" NA
"17" "Oenanthe.sp." "Oenanthe" "Oenanthe sp" NA NA NA
"18" "Galium.palustre" "Galium" "Galium palustre" "Medium" "CS" NA
"19" "Cynodon.dactylon" "Cynodon" "Cynodon dactylon" "High" "CS" "Long"
"20" "Carex.divisa" "Carex" "Carex divisa" "High" "CS" NA
"21" "Juncus.gerardi" "Juncus" "Juncus gerardi" NA NA NA
"22" "Sonchus.sp." "Sonchus" "Sonchus sp" NA NA NA
"23" "Lactuca.saligna" "Lactuca" "Lactuca saligna" NA "CS" NA
"24" "Lotus.glaber" "Lotus" "Lotus glaber" NA NA NA
"25" "Podospermum.laciniatum" "Podospermum" "Podospermum laciniatum" NA "RS" NA
"26" "Trifolium.resupinatum" "Trifolium" "Trifolium resupinatum" NA "CS" NA
"27" "Cuscuta.sp." "Cuscuta" "Cuscuta sp" NA NA NA
"28" "Linum.usitatissimum.subsp..angustifolium" "Linum" "Linum usitatissimum" NA "R" NA
"29" "Bromus.hordeaceus" "Bromus" "Bromus hordeaceus" "Medium" "CS" "Short"
"30" "Bupleurum.semicompositum" "Bupleurum" "Bupleurum semicompositum" NA "S" NA
"31" "Melilotus.indicus" "Melilotus" "Melilotus indicus" NA "R" NA
"32" "Aeluropus.littoralis" "Aeluropus" "Aeluropus littoralis" "High" NA NA
"33" "Lysimachia.arvensis" "Lysimachia" "Lysimachia arvensis" NA NA NA
"34" "Trifolium.nigrescens" "Trifolium" "Trifolium nigrescens" NA NA "Short"
"35" "Medicago.polymorpha" "Medicago" "Medicago polymorpha" NA "R" "Short"
"36" "Atriplex.prostrata" "Atriplex" "Atriplex prostrata" "High" "S" NA
"37" "Bellis.annua" "Bellis" "Bellis annua" NA NA NA
"38" "Aster.squamatus" "Aster" "Aster squamatus" NA "CS" NA
"39" "Trifolium.tomentosum" "Trifolium" "Trifolium tomentosum" NA "S" NA
"40" "Juncus.maritimus" "Juncus" "Juncus maritimus" "High" "CS" NA
"41" "Crepis.pulchra" "Crepis" "Crepis pulchra" NA "CS" NA
"42" "Polygonum.aviculare" "Polygonum" "Polygonum aviculare" "Medium" "R" NA
"43" "Brachypodium.phoenicoides" "Brachypodium" "Brachypodium phoenicoides" NA "CS" "Long"
"44" "Aristolochia.rotunda" "Aristolochia" "Aristolochia rotunda" NA "RS" "Long"
"45" "Iris.reichenbachiana" "Iris" "Iris reichenbachiana" NA NA NA
"46" "Ranunculus.bulbosus" "Ranunculus" "Ranunculus bulbosus" NA "CRS" "Long"
"47" "Sherardia.arvensis" "Sherardia" "Sherardia arvensis" NA "R" NA
"48" "Dactylis.glomerata.subsp..hispanica" "Dactylis" "Dactylis glomerata" "Low" "C" "Long"
"49" "Torilis.nodosa.subsp..nodosa" "Torilis" "Torilis nodosa" NA "R" NA
"50" "Geranium.dissectum" "Geranium" "Geranium dissectum" NA "CS" "Short"
"51" "Galium.spurium" "Galium" "Galium spurium" NA "CS" NA
"52" "Halimione.portulacoides" "Halimione" "Halimione portulacoides" NA NA NA
"53" "Dactylis.glomerata" "Dactylis" "Dactylis glomerata" "Low" "C" "Long"
"54" "Phillyrea.angustifolia" "Phillyrea" "Phillyrea angustifolia" NA "CS" "Long"
"55" "Plantago.lanceolata" "Plantago" "Plantago lanceolata" "Medium" "CRS" "Long"
"56" "Convolvulus.arvensis" "Convolvulus" "Convolvulus arvensis" NA "CS" "Long"
"57" "Poa.trivialis" "Poa" "Poa trivialis" NA "CRS" "Long"
"58" "Geranium.molle" "Geranium" "Geranium molle" NA "R" NA
"59" "Gramineae.sp." "Gramineae" "Gramineae sp" NA NA NA
"60" "Daucus.carota" "Daucus" "Daucus carota" "Medium" "CS" "Short"
"61" "Poa.pratensis" "Poa" "Poa pratensis" "Medium" "C" "Long"
"62" "Lolium.perenne" "Lolium" "Lolium perenne" "Medium" "C" "Short"
"63" "Trifolium.pratense" "Trifolium" "Trifolium pratense" "Low" "C" "Short"
"64" "Holcus.lanatus" "Holcus" "Holcus lanatus" NA "C" "Short"
"65" "Trifolium.repens" "Trifolium" "Trifolium repens" "Low" "CRS" "Long"
"66" "Cuscuta.campestris" "Cuscuta" "Cuscuta campestris" NA NA NA
"67" "Sonchus.oleraceus" "Sonchus" "Sonchus oleraceus" "Low" "CS" "Short"
"68" "Veronica.arvensis" "Veronica" "Veronica arvensis" NA "R" NA
"69" "Galium.aparine" "Galium" "Galium aparine" NA "CS" "Short"
"70" "Helminthotheca.echioides" "Helminthotheca" "Helminthotheca echioides" NA "CRS" NA
"71" "Ranunculus.acris" "Ranunculus" "Ranunculus acris" "Medium" "C" "Long"
"72" "Vicia.sativa" "Vicia" "Vicia sativa" NA "CS" "Short"
"73" "Potentilla.reptans" "Potentilla" "Potentilla reptans" NA "CRS" "Long"
"74" "Leontodon.sp." "Leontodon" "Leontodon sp" NA NA NA
"75" "Plantago.lagopus" "Plantago" "Plantago lagopus" NA "RS" NA
"76" "Euphorbia.exigua" "Euphorbia" "Euphorbia exigua" NA "R" NA
"77" "Filago.pygmaea" "Filago" "Filago pygmaea" NA "RS" NA
"78" "Erodium.cicutarium" "Erodium" "Erodium cicutarium" NA "R" NA
"79" "Crepis.capillaris" "Crepis" "Crepis capillaris" "Medium" "CRS" NA
"80" "Galium.murale" "Galium" "Galium murale" NA "S" NA
"81" "Brachypodium.distachyon" "Brachypodium" "Brachypodium distachyon" NA "RS" NA
"82" "Crepis.sancta" "Crepis" "Crepis sancta" NA "CS" NA
"83" "Euphorbia.falcata" "Euphorbia" "Euphorbia falcata" NA "R" NA
"84" "Centaurium.sp." "Centaurium" "Centaurium sp" NA NA NA
"85" "Hypochaeris.glabra" "Hypochaeris" "Hypochaeris glabra" NA "RS" NA
"86" "Cerastium.pumilum" "Cerastium" "Cerastium pumilum" NA "RS" NA
"87" "Plantago.bellardii" "Plantago" "Plantago bellardii" NA NA NA
"88" "Catapodium.rigidum" "Catapodium" "Catapodium rigidum" NA "R" NA
"89" "Trifolium.sp." "Trifolium" "Trifolium sp" NA NA NA
"90" "Poa.bulbosa" "Poa" "Poa bulbosa" "Low" "RS" "Long"
"91" "Lobularia.maritima" "Lobularia" "Lobularia maritima" NA "RS" NA
"92" "Arenaria.leptoclados" "Arenaria" "Arenaria leptoclados" NA "R" NA
"93" "Crepis.vesicaria.subsp..taraxacifolia" "Crepis" "Crepis vesicaria" NA NA NA
"94" "Lysimachia.linum.stellatum" "Lysimachia" "Lysimachia linum" NA NA NA
"95" "Vulpia.ciliata.subsp..ciliata" "Vulpia" "Vulpia ciliata" "Medium" "S" NA
"96" "Galium.parisiense" "Galium" "Galium parisiense" NA "R" NA
"97" "Trifolium.scabrum" "Trifolium" "Trifolium scabrum" NA "S" NA
"98" "Cerastium.semidecandrum" "Cerastium" "Cerastium semidecandrum" NA "R" NA
"99" "Medicago.monspeliaca" "Medicago" "Medicago monspeliaca" NA "S" NA
"100" "Sonchus.bulbosus" "Sonchus" "Sonchus bulbosus" NA "RS" NA
"101" "Trifolium.suffocatum" "Trifolium" "Trifolium suffocatum" NA NA NA
"102" "Scolymus.hispanicus" "Scolymus" "Scolymus hispanicus" NA "CS" NA
"103" "Salvia.verbenaca.subsp..clandestina" "Salvia" "Salvia verbenaca" NA NA NA
"104" "Erigeron.sp." "Erigeron" "Erigeron sp" NA NA NA
"105" "Sabulina.tenuifolia" "Sabulina" "Sabulina tenuifolia" NA "RS" NA
"106" "Filago.pyramidata" "Filago" "Filago pyramidata" NA "RS" NA
"107" "Trigonella.esculenta" "Trigonella" "Trigonella esculenta" NA NA NA
"108" "Polycarpon.tetraphyllum" "Polycarpon" "Polycarpon tetraphyllum" NA NA NA
"109" "Lagurus.ovatus" "Lagurus" "Lagurus ovatus" NA "RS" NA
"110" "Elytrigia.acuta" "Elytrigia" "Elytrigia acuta" NA NA NA
"111" "Valantia.muralis" "Valantia" "Valantia muralis" NA "RS" NA
"112" "Limonium.virgatum" "Limonium" "Limonium virgatum" NA "S" NA
"113" "Parapholis.incurva" "Parapholis" "Parapholis incurva" "High" "RS" NA
"114" "Blackstonia.sp." "Blackstonia" "Blackstonia sp" NA NA NA
"115" "Bromus.diandrus" "Bromus" "Bromus diandrus" NA "RS" NA
"116" "Medicago.littoralis" "Medicago" "Medicago littoralis" NA "S" "Short"
"117" "Medicago.minima" "Medicago" "Medicago minima" NA "RS" "Short"
"118" "Bromus.madritensis" "Bromus" "Bromus madritensis" NA "CS" "Short"
"119" "Rostraria.pubescens" "Rostraria" "Rostraria pubescens" NA NA NA
"120" "Vulpia.sp." "Vulpia" "Vulpia sp" NA NA NA
"121" "Phleum.arenarium" "Phleum" "Phleum arenarium" "Medium" "RS" NA
"122" "Hordeum.marinum" "Hordeum" "Hordeum marinum" "High" "CS" NA
"123" "Juncus.subulatus" "Juncus" "Juncus subulatus" NA NA NA
"124" "Salicornia.europaea" "Salicornia" "Salicornia europaea" "High" "S" NA
"125" "Bolboschoenus.maritimus" "Bolboschoenus" "Bolboschoenus maritimus" "High" "CS" "Long"
"126" "Phragmites.australis" "Phragmites" "Phragmites australis" "Low" "CS" "Long"
"127" "Paspalum.distichum" "Paspalum" "Paspalum distichum" "High" NA "Short"
"128" "Polypogon.monspeliensis" "Polypogon" "Polypogon monspeliensis" "Low" NA "Short"
"129" "Asteraceae.sp." "Asteraceae" "Asteraceae sp" NA NA NA
"130" "Puccinellia.festuciformis" "Puccinellia" "Puccinellia festuciformis" "High" NA NA
"131" "Ranunculus.peltatus.subsp..peltatus" "Ranunculus" "Ranunculus peltatus" "High" "CRS" NA
"132" "Spergularia.sp." "Spergularia" "Spergularia sp" NA NA NA
"133" "Schedonorus.arundinaceus" "Schedonorus" "Schedonorus arundinaceus" NA NA NA
"134" "Polypogon.sp." "Polypogon" "Polypogon sp" NA NA NA
"135" "Aster.maritimus" "Aster" "Aster maritimus" NA NA NA
"136" "Carex.otrubae" "Carex" "Carex otrubae" "Medium" "CS" NA
"137" "Suaeda.splendens" "Suaeda" "Suaeda splendens" "High" "RS" NA
"138" "Suaeda.spicata" "Suaeda" "Suaeda spicata" NA NA NA
"139" "Paspalum.dilatatum" "Paspalum" "Paspalum dilatatum" "Medium" "CS" "Long"
"140" "Schedonorus.pratensis" "Schedonorus" "Schedonorus pratensis" NA NA NA
"141" "Tragopogon.sp." "Tragopogon" "Tragopogon sp" NA NA NA
"142" "Solanum.villosum" "Solanum" "Solanum villosum" NA "R" NA
"143" "Agrostis.stolonifera" "Agrostis" "Agrostis stolonifera" "Medium" "CRS" "Short"
"144" "Trifolium.fragiferum" "Trifolium" "Trifolium fragiferum" "Low" "CRS" "Short"
"145" "Ulmus.minor" "Ulmus" "Ulmus minor" NA "C" NA
"146" "Agrimonia.eupatoria" "Agrimonia" "Agrimonia eupatoria" NA "C" "Long"
"147" "Amaranthaceae.sp." "Amaranthaceae" "Amaranthaceae sp" NA NA NA
"148" "Ranunculus.sardous" "Ranunculus" "Ranunculus sardous" NA "RS" NA
"149" "Elytrigia.campestris" "Elytrigia" "Elytrigia campestris" NA NA NA
"150" "Ervum.gracile" "Ervum" "Ervum gracile" NA NA NA
"151" "Avena.barbata" "Avena" "Avena barbata" NA "RS" "Short"
"152" "Avena.sterilis" "Avena" "Avena sterilis" NA "CS" NA
"153" "Festuca.sp." "Festuca" "Festuca sp" NA NA NA
"154" "Lathyrus.hirsutus" "Lathyrus" "Lathyrus hirsutus" NA "CS" "Long"
"155" "Bromus.lanceolatus" "Bromus" "Bromus lanceolatus" NA NA NA
"156" "Scabiosa.atropurpurea" "Scabiosa" "Scabiosa atropurpurea" NA NA NA
"157" "Scorpiurus.muricatus" "Scorpiurus" "Scorpiurus muricatus" NA "S" NA
"158" "Linum.strictum" "Linum" "Linum strictum" NA "RS" NA
"159" "Hippocrepis.biflora" "Hippocrepis" "Hippocrepis biflora" NA "S" NA
"160" "Blackstonia.perfoliata.subsp..perfoliata" "Blackstonia" "Blackstonia perfoliata" "Medium" "RS" NA
"161" "Artemisia.campestris.subsp..glutinosa" "Artemisia" "Artemisia campestris" NA "CS" NA
"162" "Helichrysum.stoechas" "Helichrysum" "Helichrysum stoechas" NA "S" "Long"
"163" "Silene.italica" "Silene" "Silene italica" NA "C" NA
"164" "Sporobolus.pungens" "Sporobolus" "Sporobolus pungens" NA "CS" NA
"165" "Vulpia.fasciculata" "Vulpia" "Vulpia fasciculata" NA "S" NA
"166" "Malcolmia.littorea" "Malcolmia" "Malcolmia littorea" NA NA NA
"167" "Carex.extensa" "Carex" "Carex extensa" "High" "S" NA
"168" "Limbarda.crithmoides" "Limbarda" "Limbarda crithmoides" "High" "CS" NA
"169" "Spartina.patens" "Spartina" "Spartina patens" "High" NA "Long"
"170" "Sonchus.maritimus" "Sonchus" "Sonchus maritimus" NA NA NA
"171" "Pinus.pinea" "Pinus" "Pinus pinea" NA "CS" "Long"
"172" "Schoenus.nigricans" "Schoenus" "Schoenus nigricans" "High" "CRS" NA
"173" "Medicago.arabica" "Medicago" "Medicago arabica" NA "R" NA
"174" "Filago.sp." "Filago" "Filago sp" NA NA NA
"175" "Sabulina.mediterranea" "Sabulina" "Sabulina mediterranea" NA "RS" NA
"176" "Stellaria.pallida" "Stellaria" "Stellaria pallida" "Medium" "R" NA
"177" "Rumex.pulcher" "Rumex" "Rumex pulcher" NA "C" NA
"178" "Draba.verna" "Draba" "Draba verna" NA "RS" NA
"179" "Medicago.truncatula" "Medicago" "Medicago truncatula" NA "RS" NA
"180" "Senecio.vulgaris.subsp..vulgaris" "Senecio" "Senecio vulgaris" NA "R" "Short"
"181" "Ajuga.iva" "Ajuga" "Ajuga iva" NA "S" NA
"182" "Romulea.ramiflora" "Romulea" "Romulea ramiflora" NA NA NA
"183" "Herniaria.cinerea" "Herniaria" "Herniaria cinerea" NA NA NA
"184" "Hordeum.murinum.subsp..leporinum" "Hordeum" "Hordeum murinum" "Medium" "R" "Short"
"185" "Carduus.tenuiflorus" "Carduus" "Carduus tenuiflorus" NA "RS" NA
"186" "Centaurea.melitensis" "Centaurea" "Centaurea melitensis" NA "RS" NA
"187" "Sagina.apetala" "Sagina" "Sagina apetala" NA "R" NA
"188" "Neatostema.apulum" "Neatostema" "Neatostema apulum" NA "RS" NA
"189" "Bromus.sp." "Bromus" "Bromus sp" NA NA NA
"190" "Allium.polyanthum" "Allium" "Allium polyanthum" NA NA NA
"191" "Bromus.rubens" "Bromus" "Bromus rubens" "Medium" "RS" "Short"
"192" "Taraxacum.sp." "Taraxacum" "Taraxacum sp" NA NA NA
"193" "Linum.sp." "Linum" "Linum sp" NA NA NA
"194" "Trifolium.stellatum" "Trifolium" "Trifolium stellatum" NA "S" NA
"195" "Polygala.monspeliaca" "Polygala" "Polygala monspeliaca" NA "S" NA
"196" "Sideritis.romana" "Sideritis" "Sideritis romana" NA "RS" NA
"197" "Vulpia.unilateralis" "Vulpia" "Vulpia unilateralis" NA "RS" NA
"198" "Parapholis.sp." "Parapholis" "Parapholis sp" NA NA NA
"199" "Muscari.neglectum" "Muscari" "Muscari neglectum" NA "RS" NA
"200" "Crepis.sp." "Crepis" "Crepis sp" NA NA NA
"201" "Rostraria.cristata" "Rostraria" "Rostraria cristata" NA "RS" NA
"202" "Asparagus.acutifolius" "Asparagus" "Asparagus acutifolius" NA "CS" "Long"
"203" "Lolium.rigidum" "Lolium" "Lolium rigidum" "High" "CS" "Short"
"204" "Hypochaeris.sp." "Hypochaeris" "Hypochaeris sp" NA NA NA
"205" "Pallenis.spinosa" "Pallenis" "Pallenis spinosa" NA "RS" NA
"206" "Hordeum.murinum" "Hordeum" "Hordeum murinum" "Medium" "R" "Short"
"207" "Muscari.comosum" "Muscari" "Muscari comosum" NA NA NA
"208" "Carduus.sp." "Carduus" "Carduus sp" NA NA NA
"209" "Urospermum.picroides" "Urospermum" "Urospermum picroides" NA "RS" NA
"210" "Cerastium.glomeratum" "Cerastium" "Cerastium glomeratum" NA "R" NA
"211" "Sagina.maritima" "Sagina" "Sagina maritima" "High" "RS" NA
"212" "Hornungia.procumbens" "Hornungia" "Hornungia procumbens" NA "RS" NA
"213" "Polygonum.maritimum" "Polygonum" "Polygonum maritimum" NA NA NA
"214" "Hainardia.cylindrica" "Hainardia" "Hainardia cylindrica" NA NA NA
"215" "Rubus.ulmifolius" "Rubus" "Rubus ulmifolius" NA "C" NA
"216" "Limonium.girardianum" "Limonium" "Limonium girardianum" NA NA NA
"217" "Alopecurus.bulbosus" "Alopecurus" "Alopecurus bulbosus" "High" "CS" NA
"218" "Prunus.spinosa" "Prunus" "Prunus spinosa" NA "C" "Long"
"219" "Tragopogon.pratensis.subsp..orientalis" "Tragopogon" "Tragopogon pratensis" NA "CRS" NA
"220" "Taraxacum.officinale.gpe" "Taraxacum" "Taraxacum officinale" NA NA NA
"221" "Galium.mollugo" "Galium" "Galium mollugo" NA "C" NA
"222" "Rumex.crispus" "Rumex" "Rumex crispus" "High" "C" NA
"223" "Picris.hieracioides.subsp..hieracioides" "Picris" "Picris hieracioides" NA "CRS" "Long"
"224" "Lathyrus.setifolius" "Lathyrus" "Lathyrus setifolius" NA "S" NA
"225" "Eleocharis.palustris" "Eleocharis" "Eleocharis palustris" "Low" "CS" "Long"
"226" "Plantago.major" "Plantago" "Plantago major" "Low" "CRS" "Short"
"227" "Medicago.marina" "Medicago" "Medicago marina" NA NA NA
"228" "Crepis.foetida" "Crepis" "Crepis foetida" NA "CS" "Short"
"229" "Ammophila.arenaria.subsp..arundinacea" "Ammophila" "Ammophila arenaria" "Low" "CS" "Long"
"230" "Elytrigia.juncea.subsp..juncea" "Elytrigia" "Elytrigia juncea" NA NA NA
"231" "Anthemis.maritima" "Anthemis" "Anthemis maritima" NA "RS" NA
"232" "Salicornia.alpini" "Salicornia" "Salicornia alpini" NA NA NA
"233" "Salicornia.fruticosa" "Salicornia" "Salicornia fruticosa" NA NA NA
"234" "Salicornia.sp." "Salicornia" "Salicornia sp" NA NA NA
"235" "Arthrocaulon.macrostachyum" "Arthrocaulon" "Arthrocaulon macrostachyum" NA NA NA
"236" "Juncus.bufonius.gpe" "Juncus" "Juncus bufonius" "Medium" "R" "Short"
"237" "Myosurus.minimus" "Myosurus" "Myosurus minimus" "Low" "R" "Short"
"238" "Spergularia.bocconei" "Spergularia" "Spergularia bocconei" NA "RS" NA
"239" "Lythrum.hyssopifolia" "Lythrum" "Lythrum hyssopifolia" "High" "RS" NA
